Experiment_Name,Function,Dimension,Selection,Crossover_Rate,Mutation_Multiplier,Initial_Mutation_Rate,Best_Score,Mean_Score,Std_Dev,Iterations,Population_Size,Stagnation_Limit,Number_of_Runs,Avg_Time_Seconds
Griewangk_D100_Roulette_C0.7_M1.0,Griewangk,100,Roulette,0.7,1.0,0.000417,10.52648276,38.35034464,16.51568762,400,150,50.0,30,3.86
Griewangk_D100_Roulette_C0.7_M2.0,Griewangk,100,Roulette,0.7,2.0,0.000833,5.14437678,20.25190055,12.45161321,400,150,50.0,30,3.84
Griewangk_D100_Roulette_C0.7_M4.0,Griewangk,100,Roulette,0.7,4.0,0.001667,3.39169782,12.08156689,8.21921428,400,150,50.0,30,3.77
Griewangk_D100_Roulette_C0.8_M1.0,Griewangk,100,Roulette,0.8,1.0,0.000417,9.2894297,35.73185956,17.52601795,400,150,50.0,30,3.67
Griewangk_D100_Roulette_C0.8_M2.0,Griewangk,100,Roulette,0.8,2.0,0.000833,5.53336029,26.25796018,16.26831546,400,150,50.0,30,3.63
Griewangk_D100_Roulette_C0.8_M4.0,Griewangk,100,Roulette,0.8,4.0,0.001667,3.47426986,9.67426728,4.15536788,400,150,50.0,30,3.67
Griewangk_D100_Roulette_C0.9_M1.0,Griewangk,100,Roulette,0.9,1.0,0.000417,17.23703629,33.53402458,13.9376916,400,150,50.0,30,3.69
Griewangk_D100_Roulette_C0.9_M2.0,Griewangk,100,Roulette,0.9,2.0,0.000833,6.47513273,19.38276287,9.78500084,400,150,50.0,30,3.86
Griewangk_D100_Roulette_C0.9_M4.0,Griewangk,100,Roulette,0.9,4.0,0.001667,3.78601687,12.65877587,7.68030673,400,150,50.0,30,3.99
Griewangk_D100_Tournament_C0.7_M1.0,Griewangk,100,Tournament,0.7,1.0,0.000417,4.87972117,14.78123319,6.70066769,400,150,50.0,30,3.45
Griewangk_D100_Tournament_C0.7_M2.0,Griewangk,100,Tournament,0.7,2.0,0.000833,4.51515923,9.43882383,5.43941204,400,150,50.0,30,3.32
Griewangk_D100_Tournament_C0.7_M4.0,Griewangk,100,Tournament,0.7,4.0,0.001667,2.83333907,6.09574646,2.15888836,400,150,50.0,30,3.34
Griewangk_D100_Tournament_C0.8_M1.0,Griewangk,100,Tournament,0.8,1.0,0.000417,3.85726871,11.43137443,4.40810273,400,150,50.0,30,3.63
Griewangk_D100_Tournament_C0.8_M2.0,Griewangk,100,Tournament,0.8,2.0,0.000833,3.99132475,10.55055021,5.45444144,400,150,50.0,30,3.69
Griewangk_D100_Tournament_C0.8_M4.0,Griewangk,100,Tournament,0.8,4.0,0.001667,2.57236634,6.54475826,3.51647078,400,150,50.0,30,3.64
Griewangk_D100_Tournament_C0.9_M1.0,Griewangk,100,Tournament,0.9,1.0,0.000417,4.43637639,10.43723578,4.42041415,400,150,50.0,30,3.63
Griewangk_D100_Tournament_C0.9_M2.0,Griewangk,100,Tournament,0.9,2.0,0.000833,4.03119246,8.02579683,2.99924031,400,150,50.0,30,3.67
Griewangk_D100_Tournament_C0.9_M4.0,Griewangk,100,Tournament,0.9,4.0,0.001667,1.96344336,4.47987873,2.38288194,400,150,50.0,30,3.65
Griewangk_D2_Roulette_C0.7_M1.0,Griewangk,2,Roulette,0.7,1.0,0.020833,0.0,0.10985772,0.12137496,200,100,,30,0.55
Griewangk_D2_Roulette_C0.7_M2.0,Griewangk,2,Roulette,0.7,2.0,0.041667,0.0,0.04256591,0.04429117,200,100,,30,0.55
Griewangk_D2_Roulette_C0.7_M4.0,Griewangk,2,Roulette,0.7,4.0,0.083333,0.0,0.02079186,0.0225108,200,100,,30,0.56
Griewangk_D2_Roulette_C0.8_M1.0,Griewangk,2,Roulette,0.8,1.0,0.020833,0.0,0.14272879,0.14572621,200,100,,30,0.55
Griewangk_D2_Roulette_C0.8_M2.0,Griewangk,2,Roulette,0.8,2.0,0.041667,0.0,0.03451354,0.04404222,200,100,,30,0.55
Griewangk_D2_Roulette_C0.8_M4.0,Griewangk,2,Roulette,0.8,4.0,0.083333,0.0,0.01610803,0.01809051,200,100,,30,0.61
Griewangk_D2_Roulette_C0.9_M1.0,Griewangk,2,Roulette,0.9,1.0,0.020833,0.0,0.11741866,0.16412251,200,100,,30,0.61
Griewangk_D2_Roulette_C0.9_M2.0,Griewangk,2,Roulette,0.9,2.0,0.041667,0.0,0.04593478,0.0626792,200,100,,30,0.55
Griewangk_D2_Roulette_C0.9_M4.0,Griewangk,2,Roulette,0.9,4.0,0.083333,0.0,0.02161408,0.02266337,200,100,,30,0.64
Griewangk_D2_Tournament_C0.7_M1.0,Griewangk,2,Tournament,0.7,1.0,0.020833,0.0,0.01569692,0.01323672,200,100,,30,0.45
Griewangk_D2_Tournament_C0.7_M2.0,Griewangk,2,Tournament,0.7,2.0,0.041667,0.0,0.01241132,0.01077491,200,100,,30,0.47
Griewangk_D2_Tournament_C0.7_M4.0,Griewangk,2,Tournament,0.7,4.0,0.083333,0.0,0.00904147,0.0055994,200,100,,30,0.46
Griewangk_D2_Tournament_C0.8_M1.0,Griewangk,2,Tournament,0.8,1.0,0.020833,0.0,0.02900848,0.03823379,200,100,,30,0.46
Griewangk_D2_Tournament_C0.8_M2.0,Griewangk,2,Tournament,0.8,2.0,0.041667,0.0,0.01043839,0.01331824,200,100,,30,0.47
Griewangk_D2_Tournament_C0.8_M4.0,Griewangk,2,Tournament,0.8,4.0,0.083333,0.0,0.008055,0.00471931,200,100,,30,0.46
Griewangk_D2_Tournament_C0.9_M1.0,Griewangk,2,Tournament,0.9,1.0,0.020833,0.0,0.01314961,0.01206611,200,100,,30,0.46
Griewangk_D2_Tournament_C0.9_M2.0,Griewangk,2,Tournament,0.9,2.0,0.041667,0.0,0.01462783,0.03020895,200,100,,30,0.47
Griewangk_D2_Tournament_C0.9_M4.0,Griewangk,2,Tournament,0.9,4.0,0.083333,0.0,0.00846578,0.00582471,200,100,,30,0.47
Griewangk_D30_Roulette_C0.7_M1.0,Griewangk,30,Roulette,0.7,1.0,0.001389,0.0113567,0.11333157,0.08998074,400,150,50.0,30,2.14
Griewangk_D30_Roulette_C0.7_M2.0,Griewangk,30,Roulette,0.7,2.0,0.002778,0.00017836,0.08728535,0.08467707,400,150,50.0,30,2.16
Griewangk_D30_Roulette_C0.7_M4.0,Griewangk,30,Roulette,0.7,4.0,0.005556,5.784e-05,0.06944814,0.07732512,400,150,50.0,30,2.16
Griewangk_D30_Roulette_C0.8_M1.0,Griewangk,30,Roulette,0.8,1.0,0.001389,0.00019832,0.1102364,0.1424362,400,150,50.0,30,2.18
Griewangk_D30_Roulette_C0.8_M2.0,Griewangk,30,Roulette,0.8,2.0,0.002778,0.00464566,0.07009019,0.08332206,400,150,50.0,30,2.2
Griewangk_D30_Roulette_C0.8_M4.0,Griewangk,30,Roulette,0.8,4.0,0.005556,1.007e-05,0.06980796,0.08518609,400,150,50.0,30,2.14
Griewangk_D30_Roulette_C0.9_M1.0,Griewangk,30,Roulette,0.9,1.0,0.001389,0.00025396,0.11932544,0.08234492,400,150,50.0,30,2.16
Griewangk_D30_Roulette_C0.9_M2.0,Griewangk,30,Roulette,0.9,2.0,0.002778,0.0002529,0.09171836,0.07666916,400,150,50.0,30,2.14
Griewangk_D30_Roulette_C0.9_M4.0,Griewangk,30,Roulette,0.9,4.0,0.005556,3.095e-05,0.10029255,0.15550941,400,150,50.0,30,2.17
Griewangk_D30_Tournament_C0.7_M1.0,Griewangk,30,Tournament,0.7,1.0,0.001389,0.00037323,0.08470942,0.08462941,400,150,50.0,30,1.89
Griewangk_D30_Tournament_C0.7_M2.0,Griewangk,30,Tournament,0.7,2.0,0.002778,0.00025219,0.05783452,0.05117189,400,150,50.0,30,1.85
Griewangk_D30_Tournament_C0.7_M4.0,Griewangk,30,Tournament,0.7,4.0,0.005556,0.00073923,0.04267717,0.04274959,400,150,50.0,30,1.88
Griewangk_D30_Tournament_C0.8_M1.0,Griewangk,30,Tournament,0.8,1.0,0.001389,0.00014333,0.13412558,0.1306851,400,150,50.0,30,1.89
Griewangk_D30_Tournament_C0.8_M2.0,Griewangk,30,Tournament,0.8,2.0,0.002778,0.00011202,0.04231817,0.03291818,400,150,50.0,30,1.92
Griewangk_D30_Tournament_C0.8_M4.0,Griewangk,30,Tournament,0.8,4.0,0.005556,7.602e-05,0.04435902,0.0525281,400,150,50.0,30,1.91
Griewangk_D30_Tournament_C0.9_M1.0,Griewangk,30,Tournament,0.9,1.0,0.001389,0.00663795,0.06280961,0.03859263,400,150,50.0,30,1.97
Griewangk_D30_Tournament_C0.9_M2.0,Griewangk,30,Tournament,0.9,2.0,0.002778,7.336e-05,0.05173107,0.04317447,400,150,50.0,30,1.93
Griewangk_D30_Tournament_C0.9_M4.0,Griewangk,30,Tournament,0.9,4.0,0.005556,2.28e-05,0.02688931,0.03155854,400,150,50.0,30,1.92
Michalewicz_D100_Roulette_C0.7_M1.0,Michalewicz,100,Roulette,0.7,1.0,0.000667,-80.82990159,-77.80277512,1.87085906,400,150,50.0,30,2.93
Michalewicz_D100_Roulette_C0.7_M2.0,Michalewicz,100,Roulette,0.7,2.0,0.001333,-85.62271074,-78.4721678,2.59781586,400,150,50.0,30,3.09
Michalewicz_D100_Roulette_C0.7_M4.0,Michalewicz,100,Roulette,0.7,4.0,0.002667,-83.44736751,-79.86050208,2.19500417,400,150,50.0,30,3.06
Michalewicz_D100_Roulette_C0.8_M1.0,Michalewicz,100,Roulette,0.8,1.0,0.000667,-80.82876198,-78.14677646,1.91326168,400,150,50.0,30,2.96
Michalewicz_D100_Roulette_C0.8_M2.0,Michalewicz,100,Roulette,0.8,2.0,0.001333,-81.98390292,-78.28481305,1.52840311,400,150,50.0,30,3.19
Michalewicz_D100_Roulette_C0.8_M4.0,Michalewicz,100,Roulette,0.8,4.0,0.002667,-83.76110968,-79.82584594,2.63121515,400,150,50.0,30,3.26
Michalewicz_D100_Roulette_C0.9_M1.0,Michalewicz,100,Roulette,0.9,1.0,0.000667,-81.50385475,-77.87767759,2.08760937,400,150,50.0,30,2.96
Michalewicz_D100_Roulette_C0.9_M2.0,Michalewicz,100,Roulette,0.9,2.0,0.001333,-83.4014639,-78.95326028,2.62165114,400,150,50.0,30,3.03
Michalewicz_D100_Roulette_C0.9_M4.0,Michalewicz,100,Roulette,0.9,4.0,0.002667,-83.44869414,-79.37759794,2.17863884,400,150,50.0,30,2.99
Michalewicz_D100_Tournament_C0.7_M1.0,Michalewicz,100,Tournament,0.7,1.0,0.000667,-81.13980871,-77.39683285,2.34975709,400,150,50.0,30,2.56
Michalewicz_D100_Tournament_C0.7_M2.0,Michalewicz,100,Tournament,0.7,2.0,0.001333,-83.9283716,-78.5527075,2.77584517,400,150,50.0,30,2.58
Michalewicz_D100_Tournament_C0.7_M4.0,Michalewicz,100,Tournament,0.7,4.0,0.002667,-83.36618002,-80.36156744,1.60369884,400,150,50.0,30,2.59
Michalewicz_D100_Tournament_C0.8_M1.0,Michalewicz,100,Tournament,0.8,1.0,0.000667,-83.458079,-79.12865032,1.96796699,400,150,50.0,30,2.62
Michalewicz_D100_Tournament_C0.8_M2.0,Michalewicz,100,Tournament,0.8,2.0,0.001333,-83.67011786,-79.91518229,2.09717575,400,150,50.0,30,2.72
Michalewicz_D100_Tournament_C0.8_M4.0,Michalewicz,100,Tournament,0.8,4.0,0.002667,-83.08848381,-80.17553594,1.88257764,400,150,50.0,30,2.82
Michalewicz_D100_Tournament_C0.9_M1.0,Michalewicz,100,Tournament,0.9,1.0,0.000667,-86.85449117,-79.85428749,3.17026105,400,150,50.0,30,2.92
Michalewicz_D100_Tournament_C0.9_M2.0,Michalewicz,100,Tournament,0.9,2.0,0.001333,-86.01064644,-80.21288565,2.4686849,400,150,50.0,30,2.93
Michalewicz_D100_Tournament_C0.9_M4.0,Michalewicz,100,Tournament,0.9,4.0,0.002667,-84.78681976,-80.33618049,2.41237703,400,150,50.0,30,2.88
Michalewicz_D2_Roulette_C0.7_M1.0,Michalewicz,2,Roulette,0.7,1.0,0.033333,-1.80130329,-1.80130329,0.0,200,100,,30,0.52
Michalewicz_D2_Roulette_C0.7_M2.0,Michalewicz,2,Roulette,0.7,2.0,0.066667,-1.80130329,-1.7621537,0.14648434,200,100,,30,0.51
Michalewicz_D2_Roulette_C0.7_M4.0,Michalewicz,2,Roulette,0.7,4.0,0.133333,-1.80130329,-1.80130329,0.0,200,100,,30,0.52
Michalewicz_D2_Roulette_C0.8_M1.0,Michalewicz,2,Roulette,0.8,1.0,0.033333,-1.80130329,-1.78172849,0.10541349,200,100,,30,0.53
Michalewicz_D2_Roulette_C0.8_M2.0,Michalewicz,2,Roulette,0.8,2.0,0.066667,-1.80130329,-1.78172849,0.10541349,200,100,,30,0.52
Michalewicz_D2_Roulette_C0.8_M4.0,Michalewicz,2,Roulette,0.8,4.0,0.133333,-1.80130329,-1.78172849,0.10541349,200,100,,30,0.52
Michalewicz_D2_Roulette_C0.9_M1.0,Michalewicz,2,Roulette,0.9,1.0,0.033333,-1.80130329,-1.74257891,0.17617314,200,100,,30,0.52
Michalewicz_D2_Roulette_C0.9_M2.0,Michalewicz,2,Roulette,0.9,2.0,0.066667,-1.80130329,-1.7621537,0.14648434,200,100,,30,0.52
Michalewicz_D2_Roulette_C0.9_M4.0,Michalewicz,2,Roulette,0.9,4.0,0.133333,-1.80130329,-1.80130329,0.0,200,100,,30,0.52
Michalewicz_D2_Tournament_C0.7_M1.0,Michalewicz,2,Tournament,0.7,1.0,0.033333,-1.80130329,-1.80130329,0.0,200,100,,30,0.51
Michalewicz_D2_Tournament_C0.7_M2.0,Michalewicz,2,Tournament,0.7,2.0,0.066667,-1.80130329,-1.80130329,0.0,200,100,,30,0.51
Michalewicz_D2_Tournament_C0.7_M4.0,Michalewicz,2,Tournament,0.7,4.0,0.133333,-1.80130329,-1.80130329,0.0,200,100,,30,0.51
Michalewicz_D2_Tournament_C0.8_M1.0,Michalewicz,2,Tournament,0.8,1.0,0.033333,-1.80130329,-1.80130329,0.0,200,100,,30,0.51
Michalewicz_D2_Tournament_C0.8_M2.0,Michalewicz,2,Tournament,0.8,2.0,0.066667,-1.80130329,-1.80130329,0.0,200,100,,30,0.49
Michalewicz_D2_Tournament_C0.8_M4.0,Michalewicz,2,Tournament,0.8,4.0,0.133333,-1.80130329,-1.80130329,0.0,200,100,,30,0.5
Michalewicz_D2_Tournament_C0.9_M1.0,Michalewicz,2,Tournament,0.9,1.0,0.033333,-1.80130329,-1.80130329,0.0,200,100,,30,0.4
Michalewicz_D2_Tournament_C0.9_M2.0,Michalewicz,2,Tournament,0.9,2.0,0.066667,-1.80130329,-1.80130329,0.0,200,100,,30,0.41
Michalewicz_D2_Tournament_C0.9_M4.0,Michalewicz,2,Tournament,0.9,4.0,0.133333,-1.80130329,-1.80130329,0.0,200,100,,30,0.42
Michalewicz_D30_Roulette_C0.7_M1.0,Michalewicz,30,Roulette,0.7,1.0,0.002222,-25.93517351,-24.18993017,1.0303399,400,150,50.0,30,1.79
Michalewicz_D30_Roulette_C0.7_M2.0,Michalewicz,30,Roulette,0.7,2.0,0.004444,-25.93385271,-24.33344109,0.85523641,400,150,50.0,30,1.78
Michalewicz_D30_Roulette_C0.7_M4.0,Michalewicz,30,Roulette,0.7,4.0,0.008889,-27.5968878,-24.4568569,1.03840755,400,150,50.0,30,1.79
Michalewicz_D30_Roulette_C0.8_M1.0,Michalewicz,30,Roulette,0.8,1.0,0.002222,-25.79672967,-23.89253128,0.96836778,400,150,50.0,30,1.78
Michalewicz_D30_Roulette_C0.8_M2.0,Michalewicz,30,Roulette,0.8,2.0,0.004444,-26.58538402,-24.49928645,1.02764496,400,150,50.0,30,1.8
Michalewicz_D30_Roulette_C0.8_M4.0,Michalewicz,30,Roulette,0.8,4.0,0.008889,-26.67355382,-25.01073434,0.78622789,400,150,50.0,30,1.8
Michalewicz_D30_Roulette_C0.9_M1.0,Michalewicz,30,Roulette,0.9,1.0,0.002222,-25.99586912,-24.20127719,1.16176065,400,150,50.0,30,1.82
Michalewicz_D30_Roulette_C0.9_M2.0,Michalewicz,30,Roulette,0.9,2.0,0.004444,-26.43684947,-24.32725858,1.04037423,400,150,50.0,30,1.8
Michalewicz_D30_Roulette_C0.9_M4.0,Michalewicz,30,Roulette,0.9,4.0,0.008889,-27.23880906,-24.75215226,1.14144339,400,150,50.0,30,1.81
Michalewicz_D30_Tournament_C0.7_M1.0,Michalewicz,30,Tournament,0.7,1.0,0.002222,-26.96680459,-24.52936226,1.23985048,400,150,50.0,30,1.5
Michalewicz_D30_Tournament_C0.7_M2.0,Michalewicz,30,Tournament,0.7,2.0,0.004444,-26.65470856,-24.85995097,1.10777359,400,150,50.0,30,1.51
Michalewicz_D30_Tournament_C0.7_M4.0,Michalewicz,30,Tournament,0.7,4.0,0.008889,-26.45863773,-24.8096619,0.86544425,400,150,50.0,30,1.51
Michalewicz_D30_Tournament_C0.8_M1.0,Michalewicz,30,Tournament,0.8,1.0,0.002222,-26.63613766,-24.79302435,1.12071014,400,150,50.0,30,1.51
Michalewicz_D30_Tournament_C0.8_M2.0,Michalewicz,30,Tournament,0.8,2.0,0.004444,-28.16682681,-25.21391659,1.25163463,400,150,50.0,30,1.52
Michalewicz_D30_Tournament_C0.8_M4.0,Michalewicz,30,Tournament,0.8,4.0,0.008889,-26.78481294,-25.12042269,0.9641385,400,150,50.0,30,1.53
Michalewicz_D30_Tournament_C0.9_M1.0,Michalewicz,30,Tournament,0.9,1.0,0.002222,-27.73120939,-25.72867277,1.134482,400,150,50.0,30,1.55
Michalewicz_D30_Tournament_C0.9_M2.0,Michalewicz,30,Tournament,0.9,2.0,0.004444,-27.97415325,-25.71760385,0.92438105,400,150,50.0,30,1.56
Michalewicz_D30_Tournament_C0.9_M4.0,Michalewicz,30,Tournament,0.9,4.0,0.008889,-27.62403663,-25.63864711,1.03113133,400,150,50.0,30,1.57
Rastrigin_D100_Roulette_C0.7_M1.0,Rastrigin,100,Roulette,0.7,1.0,0.000588,194.00592725,225.35676766,17.81100232,400,150,50.0,30,2.9
Rastrigin_D100_Roulette_C0.7_M2.0,Rastrigin,100,Roulette,0.7,2.0,0.001176,188.34108429,223.71397448,18.92368175,400,150,50.0,30,2.9
Rastrigin_D100_Roulette_C0.7_M4.0,Rastrigin,100,Roulette,0.7,4.0,0.002353,195.1981256,225.89649862,16.34660333,400,150,50.0,30,2.89
Rastrigin_D100_Roulette_C0.8_M1.0,Rastrigin,100,Roulette,0.8,1.0,0.000588,186.49653076,231.38911405,17.52338202,400,150,50.0,30,2.86
Rastrigin_D100_Roulette_C0.8_M2.0,Rastrigin,100,Roulette,0.8,2.0,0.001176,194.93815184,224.98321182,18.08988236,400,150,50.0,30,2.84
Rastrigin_D100_Roulette_C0.8_M4.0,Rastrigin,100,Roulette,0.8,4.0,0.002353,189.06724228,218.19470422,14.08846096,400,150,50.0,30,2.88
Rastrigin_D100_Roulette_C0.9_M1.0,Rastrigin,100,Roulette,0.9,1.0,0.000588,194.61159778,231.91889403,18.53465007,400,150,50.0,30,2.91
Rastrigin_D100_Roulette_C0.9_M2.0,Rastrigin,100,Roulette,0.9,2.0,0.001176,201.30205547,230.96449105,14.22743127,400,150,50.0,30,2.93
Rastrigin_D100_Roulette_C0.9_M4.0,Rastrigin,100,Roulette,0.9,4.0,0.002353,182.15349856,224.0067662,16.23373299,400,150,50.0,30,2.99
Rastrigin_D100_Tournament_C0.7_M1.0,Rastrigin,100,Tournament,0.7,1.0,0.000588,165.85024572,217.27575005,22.0386028,400,150,50.0,30,2.63
Rastrigin_D100_Tournament_C0.7_M2.0,Rastrigin,100,Tournament,0.7,2.0,0.001176,182.22637563,210.42919123,12.4644288,400,150,50.0,30,2.55
Rastrigin_D100_Tournament_C0.7_M4.0,Rastrigin,100,Tournament,0.7,4.0,0.002353,162.00743512,205.98835624,19.05277023,400,150,50.0,30,2.55
Rastrigin_D100_Tournament_C0.8_M1.0,Rastrigin,100,Tournament,0.8,1.0,0.000588,164.57718322,205.52057481,20.64869122,400,150,50.0,30,2.56
Rastrigin_D100_Tournament_C0.8_M2.0,Rastrigin,100,Tournament,0.8,2.0,0.001176,162.08611822,203.36523782,22.15596887,400,150,50.0,30,2.57
Rastrigin_D100_Tournament_C0.8_M4.0,Rastrigin,100,Tournament,0.8,4.0,0.002353,161.74554448,196.83813865,17.37822606,400,150,50.0,30,2.58
Rastrigin_D100_Tournament_C0.9_M1.0,Rastrigin,100,Tournament,0.9,1.0,0.000588,163.76054133,194.61355622,16.5283414,400,150,50.0,30,2.63
Rastrigin_D100_Tournament_C0.9_M2.0,Rastrigin,100,Tournament,0.9,2.0,0.001176,141.26093134,191.60598392,17.73602823,400,150,50.0,30,2.63
Rastrigin_D100_Tournament_C0.9_M4.0,Rastrigin,100,Tournament,0.9,4.0,0.002353,143.22241039,183.36095874,18.18499356,400,150,50.0,30,2.65
Rastrigin_D2_Roulette_C0.7_M1.0,Rastrigin,2,Roulette,0.7,1.0,0.029412,6.1e-07,0.79596707,1.31996063,200,100,,30,0.5
Rastrigin_D2_Roulette_C0.7_M2.0,Rastrigin,2,Roulette,0.7,2.0,0.058824,6.1e-07,0.0331659,0.17860057,200,100,,30,0.5
Rastrigin_D2_Roulette_C0.7_M4.0,Rastrigin,2,Roulette,0.7,4.0,0.117647,6.1e-07,6.1e-07,0.0,200,100,,30,0.51
Rastrigin_D2_Roulette_C0.8_M1.0,Rastrigin,2,Roulette,0.8,1.0,0.029412,6.1e-07,0.33165339,0.82580851,200,100,,30,0.5
Rastrigin_D2_Roulette_C0.8_M2.0,Rastrigin,2,Roulette,0.8,2.0,0.058824,6.1e-07,0.0331659,0.17860057,200,100,,30,0.54
Rastrigin_D2_Roulette_C0.8_M4.0,Rastrigin,2,Roulette,0.8,4.0,0.117647,6.1e-07,6.1e-07,0.0,200,100,,30,0.5
Rastrigin_D2_Roulette_C0.9_M1.0,Rastrigin,2,Roulette,0.9,1.0,0.029412,6.1e-07,0.2984881,0.77708699,200,100,,30,0.51
Rastrigin_D2_Roulette_C0.9_M2.0,Rastrigin,2,Roulette,0.9,2.0,0.058824,6.1e-07,0.0331659,0.17860057,200,100,,30,0.5
Rastrigin_D2_Roulette_C0.9_M4.0,Rastrigin,2,Roulette,0.9,4.0,0.117647,6.1e-07,6.1e-07,0.0,200,100,,30,0.51
Rastrigin_D2_Tournament_C0.7_M1.0,Rastrigin,2,Tournament,0.7,1.0,0.029412,6.1e-07,0.13266178,0.33822095,200,100,,30,0.45
Rastrigin_D2_Tournament_C0.7_M2.0,Rastrigin,2,Tournament,0.7,2.0,0.058824,6.1e-07,6.1e-07,0.0,200,100,,30,0.47
Rastrigin_D2_Tournament_C0.7_M4.0,Rastrigin,2,Tournament,0.7,4.0,0.117647,6.1e-07,6.1e-07,0.0,200,100,,30,0.69
Rastrigin_D2_Tournament_C0.8_M1.0,Rastrigin,2,Tournament,0.8,1.0,0.029412,6.1e-07,0.09949648,0.29848763,200,100,,30,0.63
Rastrigin_D2_Tournament_C0.8_M2.0,Rastrigin,2,Tournament,0.8,2.0,0.058824,6.1e-07,6.1e-07,0.0,200,100,,30,0.59
Rastrigin_D2_Tournament_C0.8_M4.0,Rastrigin,2,Tournament,0.8,4.0,0.117647,6.1e-07,6.1e-07,0.0,200,100,,30,0.39
Rastrigin_D2_Tournament_C0.9_M1.0,Rastrigin,2,Tournament,0.9,1.0,0.029412,6.1e-07,0.06633119,0.24818632,200,100,,30,0.49
Rastrigin_D2_Tournament_C0.9_M2.0,Rastrigin,2,Tournament,0.9,2.0,0.058824,6.1e-07,0.06633119,0.24818632,200,100,,30,0.4
Rastrigin_D2_Tournament_C0.9_M4.0,Rastrigin,2,Tournament,0.9,4.0,0.117647,6.1e-07,6.1e-07,0.0,200,100,,30,0.4
Rastrigin_D30_Roulette_C0.7_M1.0,Rastrigin,30,Roulette,0.7,1.0,0.001961,38.80337626,59.79698255,9.13105122,400,150,50.0,30,1.77
Rastrigin_D30_Roulette_C0.7_M2.0,Rastrigin,30,Roulette,0.7,2.0,0.003922,37.80841748,61.58790417,10.82127912,400,150,50.0,30,1.77
Rastrigin_D30_Roulette_C0.7_M4.0,Rastrigin,30,Roulette,0.7,4.0,0.007843,32.83362778,52.43429257,7.73746126,400,150,50.0,30,1.78
Rastrigin_D30_Roulette_C0.8_M1.0,Rastrigin,30,Roulette,0.8,1.0,0.001961,36.81346288,60.3607956,11.21652879,400,150,50.0,30,1.77
Rastrigin_D30_Roulette_C0.8_M2.0,Rastrigin,30,Roulette,0.8,2.0,0.003922,44.7731164,62.21804315,10.52253519,400,150,50.0,30,1.79
Rastrigin_D30_Roulette_C0.8_M4.0,Rastrigin,30,Roulette,0.8,4.0,0.007843,36.81345871,55.41916647,10.14385155,400,150,50.0,30,1.8
Rastrigin_D30_Roulette_C0.9_M1.0,Rastrigin,30,Roulette,0.9,1.0,0.001961,47.75799689,62.11856342,7.58903842,400,150,50.0,30,1.79
Rastrigin_D30_Roulette_C0.9_M2.0,Rastrigin,30,Roulette,0.9,2.0,0.003922,40.79328964,62.35070432,9.97055778,400,150,50.0,30,1.79
Rastrigin_D30_Roulette_C0.9_M4.0,Rastrigin,30,Roulette,0.9,4.0,0.007843,39.79833086,56.04930846,7.50883994,400,150,50.0,30,1.8
Rastrigin_D30_Tournament_C0.7_M1.0,Rastrigin,30,Tournament,0.7,1.0,0.001961,45.76807934,58.00870992,7.57427362,400,150,50.0,30,1.51
Rastrigin_D30_Tournament_C0.7_M2.0,Rastrigin,30,Tournament,0.7,2.0,0.003922,37.80842165,57.04443897,10.71707484,400,150,50.0,30,1.55
Rastrigin_D30_Tournament_C0.7_M4.0,Rastrigin,30,Tournament,0.7,4.0,0.007843,37.80841748,57.7075718,9.69764814,400,150,50.0,30,1.51
Rastrigin_D30_Tournament_C0.8_M1.0,Rastrigin,30,Tournament,0.8,1.0,0.001961,38.80338042,53.93531554,8.79167779,400,150,50.0,30,1.5
Rastrigin_D30_Tournament_C0.8_M2.0,Rastrigin,30,Tournament,0.8,2.0,0.003922,43.77816179,56.08399386,8.89630541,400,150,50.0,30,1.54
Rastrigin_D30_Tournament_C0.8_M4.0,Rastrigin,30,Tournament,0.8,4.0,0.007843,35.81849993,53.89522343,8.28265966,400,150,50.0,30,1.51
Rastrigin_D30_Tournament_C0.9_M1.0,Rastrigin,30,Tournament,0.9,1.0,0.001961,33.82858655,47.9566761,9.3061205,400,150,50.0,30,1.53
Rastrigin_D30_Tournament_C0.9_M2.0,Rastrigin,30,Tournament,0.9,2.0,0.003922,30.84371857,49.97272522,9.43170775,400,150,50.0,30,1.52
Rastrigin_D30_Tournament_C0.9_M4.0,Rastrigin,30,Tournament,0.9,4.0,0.007843,25.8689247,47.76552136,11.01430659,400,150,50.0,30,1.52
Rosenbrock_D100_Roulette_C0.7_M1.0,Rosenbrock,100,Roulette,0.7,1.0,0.000556,749.64555954,1751.59920223,920.64199941,400,150,50.0,30,3.5
Rosenbrock_D100_Roulette_C0.7_M2.0,Rosenbrock,100,Roulette,0.7,2.0,0.001111,537.81276142,1334.7184339,914.66171629,400,150,50.0,30,3.46
Rosenbrock_D100_Roulette_C0.7_M4.0,Rosenbrock,100,Roulette,0.7,4.0,0.002222,502.14813889,833.20614091,428.96347352,400,150,50.0,30,3.51
Rosenbrock_D100_Roulette_C0.8_M1.0,Rosenbrock,100,Roulette,0.8,1.0,0.000556,789.42111239,1660.24067991,1025.63502796,400,150,50.0,30,3.49
Rosenbrock_D100_Roulette_C0.8_M2.0,Rosenbrock,100,Roulette,0.8,2.0,0.001111,530.84634255,1172.64560117,662.66276439,400,150,50.0,30,3.49
Rosenbrock_D100_Roulette_C0.8_M4.0,Rosenbrock,100,Roulette,0.8,4.0,0.002222,493.11607741,771.27080086,427.88274651,400,150,50.0,30,3.73
Rosenbrock_D100_Roulette_C0.9_M1.0,Rosenbrock,100,Roulette,0.9,1.0,0.000556,723.07578116,1913.63844233,897.98778863,400,150,50.0,30,3.79
Rosenbrock_D100_Roulette_C0.9_M2.0,Rosenbrock,100,Roulette,0.9,2.0,0.001111,578.75182217,1315.15319778,679.18449968,400,150,50.0,30,3.79
Rosenbrock_D100_Roulette_C0.9_M4.0,Rosenbrock,100,Roulette,0.9,4.0,0.002222,440.51425902,1050.81728676,769.22148372,400,150,50.0,30,3.83
Rosenbrock_D100_Tournament_C0.7_M1.0,Rosenbrock,100,Tournament,0.7,1.0,0.000556,451.24772434,1083.02522789,901.91916488,400,150,50.0,30,3.24
Rosenbrock_D100_Tournament_C0.7_M2.0,Rosenbrock,100,Tournament,0.7,2.0,0.001111,441.01706432,758.74434178,213.17213997,400,150,50.0,30,3.21
Rosenbrock_D100_Tournament_C0.7_M4.0,Rosenbrock,100,Tournament,0.7,4.0,0.002222,335.28477505,614.88695647,201.28742365,400,150,50.0,30,3.21
Rosenbrock_D100_Tournament_C0.8_M1.0,Rosenbrock,100,Tournament,0.8,1.0,0.000556,362.28658494,818.91425022,474.54266911,400,150,50.0,30,3.22
Rosenbrock_D100_Tournament_C0.8_M2.0,Rosenbrock,100,Tournament,0.8,2.0,0.001111,381.108063,751.50230879,344.1274912,400,150,50.0,30,3.25
Rosenbrock_D100_Tournament_C0.8_M4.0,Rosenbrock,100,Tournament,0.8,4.0,0.002222,321.40762174,577.40813999,269.32244795,400,150,50.0,30,3.23
Rosenbrock_D100_Tournament_C0.9_M1.0,Rosenbrock,100,Tournament,0.9,1.0,0.000556,373.64450623,650.28319024,189.72222404,400,150,50.0,30,3.28
Rosenbrock_D100_Tournament_C0.9_M2.0,Rosenbrock,100,Tournament,0.9,2.0,0.001111,351.41249942,573.50365896,189.05670199,400,150,50.0,30,3.26
Rosenbrock_D100_Tournament_C0.9_M4.0,Rosenbrock,100,Tournament,0.9,4.0,0.002222,231.23203185,600.02593231,250.6527555,400,150,50.0,30,3.28
Rosenbrock_D2_Roulette_C0.7_M1.0,Rosenbrock,2,Roulette,0.7,1.0,0.027778,0.00010011,1.37197542,3.1236874,200,100,,30,0.77
Rosenbrock_D2_Roulette_C0.7_M2.0,Rosenbrock,2,Roulette,0.7,2.0,0.055556,3.63e-05,1.40193254,2.71441399,200,100,,30,0.76
Rosenbrock_D2_Roulette_C0.7_M4.0,Rosenbrock,2,Roulette,0.7,4.0,0.111111,5.72e-06,0.42359268,2.00661823,200,100,,30,0.76
Rosenbrock_D2_Roulette_C0.8_M1.0,Rosenbrock,2,Roulette,0.8,1.0,0.027778,1.071e-05,1.42758884,3.53842649,200,100,,30,0.74
Rosenbrock_D2_Roulette_C0.8_M2.0,Rosenbrock,2,Roulette,0.8,2.0,0.055556,3.84e-06,1.01479584,2.42553939,200,100,,30,0.76
Rosenbrock_D2_Roulette_C0.8_M4.0,Rosenbrock,2,Roulette,0.8,4.0,0.111111,8.155e-05,0.05307948,0.16879263,200,100,,30,0.75
Rosenbrock_D2_Roulette_C0.9_M1.0,Rosenbrock,2,Roulette,0.9,1.0,0.027778,0.00019849,3.28714342,4.48057533,200,100,,30,0.73
Rosenbrock_D2_Roulette_C0.9_M2.0,Rosenbrock,2,Roulette,0.9,2.0,0.055556,0.00029936,0.34464349,0.62407553,200,100,,30,0.72
Rosenbrock_D2_Roulette_C0.9_M4.0,Rosenbrock,2,Roulette,0.9,4.0,0.111111,1e-08,0.02231461,0.0367081,200,100,,30,0.73
Rosenbrock_D2_Tournament_C0.7_M1.0,Rosenbrock,2,Tournament,0.7,1.0,0.027778,5.56e-06,0.02318162,0.03519818,200,100,,30,0.65
Rosenbrock_D2_Tournament_C0.7_M2.0,Rosenbrock,2,Tournament,0.7,2.0,0.055556,2e-08,0.00731712,0.01224903,200,100,,30,0.65
Rosenbrock_D2_Tournament_C0.7_M4.0,Rosenbrock,2,Tournament,0.7,4.0,0.111111,3e-08,0.00151342,0.00392072,200,100,,30,0.66
Rosenbrock_D2_Tournament_C0.8_M1.0,Rosenbrock,2,Tournament,0.8,1.0,0.027778,1.6e-07,0.02160097,0.03299836,200,100,,30,0.63
Rosenbrock_D2_Tournament_C0.8_M2.0,Rosenbrock,2,Tournament,0.8,2.0,0.055556,5.72e-06,0.01399228,0.02865079,200,100,,30,0.66
Rosenbrock_D2_Tournament_C0.8_M4.0,Rosenbrock,2,Tournament,0.8,4.0,0.111111,1e-08,0.00041462,0.00107847,200,100,,30,0.65
Rosenbrock_D2_Tournament_C0.9_M1.0,Rosenbrock,2,Tournament,0.9,1.0,0.027778,4.2e-06,0.01791469,0.02533092,200,100,,30,0.64
Rosenbrock_D2_Tournament_C0.9_M2.0,Rosenbrock,2,Tournament,0.9,2.0,0.055556,5.56e-06,0.0108034,0.02001307,200,100,,30,0.72
Rosenbrock_D2_Tournament_C0.9_M4.0,Rosenbrock,2,Tournament,0.9,4.0,0.111111,1e-08,0.00150921,0.00301074,200,100,,30,0.69
Rosenbrock_D30_Roulette_C0.7_M1.0,Rosenbrock,30,Roulette,0.7,1.0,0.001852,10.55172681,103.84829613,94.76473024,400,150,50.0,30,2.32
Rosenbrock_D30_Roulette_C0.7_M2.0,Rosenbrock,30,Roulette,0.7,2.0,0.003704,26.43526668,119.07907745,92.76013333,400,150,50.0,30,2.34
Rosenbrock_D30_Roulette_C0.7_M4.0,Rosenbrock,30,Roulette,0.7,4.0,0.007407,13.55324202,75.47838345,41.45605814,400,150,50.0,30,2.34
Rosenbrock_D30_Roulette_C0.8_M1.0,Rosenbrock,30,Roulette,0.8,1.0,0.001852,18.19533274,109.07069032,55.93992042,400,150,50.0,30,2.36
Rosenbrock_D30_Roulette_C0.8_M2.0,Rosenbrock,30,Roulette,0.8,2.0,0.003704,24.34074196,93.68120507,62.12144404,400,150,50.0,30,2.36
Rosenbrock_D30_Roulette_C0.8_M4.0,Rosenbrock,30,Roulette,0.8,4.0,0.007407,22.56812529,104.03468038,64.71279105,400,150,50.0,30,2.37
Rosenbrock_D30_Roulette_C0.9_M1.0,Rosenbrock,30,Roulette,0.9,1.0,0.001852,4.93924885,105.87191764,78.65734175,400,150,50.0,30,2.37
Rosenbrock_D30_Roulette_C0.9_M2.0,Rosenbrock,30,Roulette,0.9,2.0,0.003704,4.9315709,82.12474211,75.96464822,400,150,50.0,30,2.37
Rosenbrock_D30_Roulette_C0.9_M4.0,Rosenbrock,30,Roulette,0.9,4.0,0.007407,1.97600252,86.45562041,74.09703472,400,150,50.0,30,2.37
Rosenbrock_D30_Tournament_C0.7_M1.0,Rosenbrock,30,Tournament,0.7,1.0,0.001852,23.37230955,132.52648555,126.43629463,400,150,50.0,30,2.1
Rosenbrock_D30_Tournament_C0.7_M2.0,Rosenbrock,30,Tournament,0.7,2.0,0.003704,8.48473578,92.71802879,59.95396253,400,150,50.0,30,2.14
Rosenbrock_D30_Tournament_C0.7_M4.0,Rosenbrock,30,Tournament,0.7,4.0,0.007407,12.49214102,70.13627137,40.49228229,400,150,50.0,30,2.1
Rosenbrock_D30_Tournament_C0.8_M1.0,Rosenbrock,30,Tournament,0.8,1.0,0.001852,22.06576245,93.81791574,51.8423635,400,150,50.0,30,2.15
Rosenbrock_D30_Tournament_C0.8_M2.0,Rosenbrock,30,Tournament,0.8,2.0,0.003704,15.70796841,86.49428853,60.83540712,400,150,50.0,30,2.15
Rosenbrock_D30_Tournament_C0.8_M4.0,Rosenbrock,30,Tournament,0.8,4.0,0.007407,26.58475259,72.3718025,41.63643073,400,150,50.0,30,2.17
Rosenbrock_D30_Tournament_C0.9_M1.0,Rosenbrock,30,Tournament,0.9,1.0,0.001852,16.57256045,97.91769632,73.62849751,400,150,50.0,30,2.18
Rosenbrock_D30_Tournament_C0.9_M2.0,Rosenbrock,30,Tournament,0.9,2.0,0.003704,17.27550864,69.83621374,59.83448836,400,150,50.0,30,2.29
Rosenbrock_D30_Tournament_C0.9_M4.0,Rosenbrock,30,Tournament,0.9,4.0,0.007407,16.43640053,60.18416352,43.8482445,400,150,50.0,30,2.3
